{"rules":{"block-no-empty":true,"string-no-newline":true,"comment-no-empty":true,"function-linear-gradient-no-nonstandard-direction":true,"media-feature-name-no-unknown":true,"color-no-invalid-hex":true,"font-family-no-duplicate-names":true,"no-duplicate-at-import-rules":true,"declaration-block-no-duplicate-properties":[true,{"ignore":["consecutive-duplicates-with-different-values"]}],"no-empty-source":true,"selector-type-no-unknown":true,"at-rule-no-unknown":[true,{"ignoreAtRules":["at-root","content","debug","each","else","error","for","function","if","include","mixin","return","warn","while","extend"]}],"no-duplicate-selectors":true,"font-family-no-missing-generic-family-keyword":true,"no-extra-semicolons":true,"no-invalid-double-slash-comments":true,"selector-pseudo-element-no-unknown":true,"selector-pseudo-class-no-unknown":[true,{"ignorePseudoClasses":["local","global"]}],"keyframe-declaration-no-important":true,"function-calc-no-unspaced-operator":true,"property-no-unknown":true,"declaration-block-no-shorthand-property-overrides":true,"unit-no-unknown":true}}
